{"train loss": 2.614976167678833, "top 3 acc": 0.296875, "top 1 acc": 0.1354166716337204, "_timestamp": 1654436551, "_runtime": 13, "_step": 1}