{"train loss": 2.012181520462036, "top 3 acc": 0.6041666865348816, "top 1 acc": 0.328125, "_timestamp": 1654437602, "_runtime": 295, "_step": 101, "val loss": 2.007030487060547, "val top 3 acc": 0.6302083730697632, "val top 1 acc": 0.3333333432674408, "_wandb": {"runtime": 296}}