{"train loss": 1.8862895965576172, "top 3 acc": 0.703125, "top 1 acc": 0.328125, "_timestamp": 1654400338, "_runtime": 262, "_step": 199, "_wandb": {"runtime": 264}}