{"train loss": 1.8846899271011353, "top 3 acc": 0.6822916865348816, "top 1 acc": 0.3229166865348816, "_timestamp": 1654399709, "_runtime": 610, "_step": 199, "_wandb": {"runtime": 622}}