{"train loss": 1.3548426628112793, "top 3 acc": 0.8177083730697632, "top 1 acc": 0.5572916865348816, "_timestamp": 1654446685, "_runtime": 8928, "_step": 4999, "val loss": 1.6324001550674438, "val top 3 acc": 0.7552083730697632, "val top 1 acc": 0.4270833432674408, "gradients/graph_1weight": {"_type": "histogram", "values": [4.0, 13.0, 9.0, 8.0, 23.0, 30.0, 27.0, 21.0, 24.0, 8.0, 26.0, 34.0, 48.0, 55.0, 71.0, 111.0, 90.0, 112.0, 112.0, 170.0, 213.0, 243.0, 331.0, 438.0, 575.0, 874.0, 1360.0, 1663.0, 2189.0, 3021.0, 3775.0, 5089.0, 6298.0, 7052.0, 7274.0, 6677.0, 5658.0, 4578.0, 3554.0, 2590.0, 1975.0, 1636.0, 1300.0, 956.0, 773.0, 567.0, 491.0, 383.0, 313.0, 213.0, 149.0, 156.0, 106.0, 57.0, 56.0, 21.0, 23.0, 34.0, 29.0, 25.0, 7.0, 4.0, 4.0, 2.0], "bins": [-0.02346637099981308, -0.022777589038014412, -0.022088805213570595, -0.021400023251771927, -0.02071123942732811, -0.020022457465529442, -0.019333675503730774, -0.018644891679286957, -0.01795610785484314, -0.017267325893044472, -0.016578542068600655, -0.015889760106801987, -0.01520097628235817, -0.014512194320559502, -0.013823411427438259, -0.013134628534317017, -0.012445846572518349, -0.011757063679397106, -0.011068280786275864, -0.010379498824477196, -0.009690715000033379, -0.00900193303823471, -0.008313150145113468, -0.007624367251992226, -0.006935584358870983, -0.006246801465749741, -0.005558018572628498, -0.004869236145168543, -0.0041804532520473, -0.003491670358926058, -0.0028028879314661026, -0.00211410503834486, -0.0014253202825784683, -0.0007365375058725476, -4.775472916662693e-05, 0.0006410279311239719, 0.0013298108242452145, 0.002018593717366457, 0.002707376144826412, 0.0033961590379476547, 0.004084941931068897, 0.00477372482419014, 0.005462507717311382, 0.0061512901447713375, 0.00684007303789258, 0.0075288559310138226, 0.008217638358473778, 0.00890642125159502, 0.009595204144716263, 0.010283987037837505, 0.010972769930958748, 0.011661551892757416, 0.012350335717201233, 0.0130391176789999, 0.013727900572121143, 0.014416683465242386, 0.015105466358363628, 0.01579424925148487, 0.01648303121328354, 0.017171815037727356, 0.017860596999526024, 0.01854938082396984, 0.01923816278576851, 0.019926946610212326, 0.020615728572010994]}, "gradients/weight": {"_type": "histogram", "values": [1.0, 0.0, 0.0, 0.0, 1.0, 0.0, 1.0, 0.0, 1.0, 1.0, 2.0, 0.0, 1.0, 0.0, 2.0, 1.0, 2.0, 2.0, 5.0, 12.0, 8.0, 14.0, 15.0, 21.0, 18.0, 12.0, 17.0, 19.0, 47.0, 63.0, 55.0, 63.0, 84.0, 142.0, 239.0, 216.0, 137.0, 106.0, 94.0, 82.0, 58.0, 55.0, 25.0, 21.0, 20.0, 22.0, 9.0, 6.0, 5.0, 3.0, 3.0, 0.0, 1.0, 0.0, 3.0, 1.0, 1.0, 3.0, 2.0, 1.0, 1.0, 2.0, 1.0, 1.0], "bins": [-0.3257088363170624, -0.31645992398262024, -0.3072110414505005, -0.29796212911605835, -0.2887132167816162, -0.2794643044471741, -0.27021539211273193, -0.2609665095806122, -0.25171759724617004, -0.2424686849117279, -0.23321978747844696, -0.22397089004516602, -0.21472197771072388, -0.20547306537628174, -0.1962241679430008, -0.18697527050971985, -0.1777263581752777, -0.16847744584083557, -0.15922854840755463, -0.14997965097427368, -0.14073073863983154, -0.1314818263053894, -0.12223292887210846, -0.11298402398824692, -0.10373511910438538, -0.09448621422052383, -0.08523730933666229, -0.07598840445280075, -0.06673949956893921, -0.05749059468507767, -0.048241689801216125, -0.038992784917354584, -0.029743850231170654, -0.020494945347309113, -0.01124604046344757, -0.001997135579586029, 0.007251769304275513, 0.016500674188137054, 0.025749579071998596, 0.03499848395586014, 0.04424738883972168, 0.05349629372358322, 0.06274519860744476, 0.0719941034913063, 0.08124300837516785, 0.09049191325902939, 0.09974081814289093, 0.10898972302675247, 0.11823862791061401, 0.12748754024505615, 0.1367364376783371, 0.14598533511161804, 0.15523424744606018, 0.16448315978050232, 0.17373205721378326, 0.1829809546470642, 0.19222986698150635, 0.2014787793159485, 0.21072767674922943, 0.21997657418251038, 0.22922548651695251, 0.23847439885139465, 0.2477232962846756, 0.25697219371795654, 0.2662211060523987]}, "_wandb": {"runtime": 8929}}